대분류,ticker,담당자,종목명,종목설명,종목명(영문),S&P(max100),Sustainability(max50),msci,ISS,ESG기준원,ESG기준원_E,ESG기준원_S,ESG기준원_G,CDP(climate),크롤링,전처리1차,전처리2차,라벨링(적합도),라벨링(관련도),라벨링(긍부정도),스코어링,시총,시총순위,기사발생량,기사발생량순위
전자,A005930,한재,삼성전자,"스마트폰, 반도체 및 디스플레이 패널 제조 | 글로벌 반도체 시장 선두주자, 5G/6G 및 AI 반도체 수요 증가로 기술력 강화 | 반도체 업황 회복과 고성능 반도체 수요 증가 기대","Samsung Electronics Co., Ltd.",57.0,17.9,AA,C+,A,A,A+,B+,A-,24.05.01,,,,,,,492000000000000,1,26500,17.0
전자,A000660,해리,SK하이닉스,반도체 메모리 칩 제조 | 글로벌 메모리 반도체 시장 선두주자 | 반도체 업황 회복에 따른 실적 개선 기대,SK hynix Inc.,70.0,18.8,A,C+,A,A,A+,A,B,24.05.01,,,,,,,133000000000000,2,5620,44.0
에너지,A373220,나연,LG에너지솔루션,전기차 배터리 제조 | 글로벌 전기차 배터리 시장에서 높은 점유율 | 전기차 수요 증가로 인한 성장 가능성 큼,"LG Energy Solution, Ltd.",54.0,24.1,BB,Nan,Nan,Nan,Nan,Nan,A-,24.05.01,,,,,,,92400000000000,3,2890,104.0
헬스케어,A207940,한재,삼성바이오로직스,바이오의약품 위탁생산(CMO) 및 개발 | 글로벌 CMO 시장에서 선도적 위치 | 바이오의약품 수요 증가로 지속적인 성장 예상,"Samsung Biologics Co., Ltd.",69.0,17.6,B,C,A+,A,A,A+,A-,24.05.01,,,,,,,59100000000000,4,685,126.0
차량,A005380,나연,현대차,"자동차 제조 및 판매 | 글로벌 자동차 시장에서 상위권 위치, 전기차 및 자율주행 투자 확대 | 전기차와 자율주행 기술로 미래 성장 동력 확보",Hyundai Motor Company,75.0,27.5,CCC,C-,A,A,A,B+,A,24.05.01,,,,,,,49300000000000,5,11100,29.0
차량,A000270,지헌,기아,자동차 제조 및 판매 | 글로벌 자동차 시장에서 경쟁력 강화 | 전기차 라인업 확대를 통한 시장 점유율 증가 기대,Kia Corporation,73.0,24.5,B,C,B,A,A+,C,A,24.05.01,,,,,,,44300000000000,6,5440,47.0
헬스케어,A068270,나연,셀트리온,바이오의약품 개발 및 생산 | 바이오시밀러 분야에서 글로벌 경쟁력 보유 | 신제품 출시 및 글로벌 시장 확대를 통한 성장 전망,"Celltrion, Inc.",69.0,29.8,B,C,B,B+,A+,C,Nan,24.05.01,24.05.05,24.05.02,24.05.04,24.05.04,24.05.04,,41700000000000,7,901,117.0
소재,A005490,나연,포스코 홀딩스,철강 제조 및 판매 | 글로벌 철강 시장에서 상위권 위치 | 친환경 철강 기술 개발로 지속 가능한 성장 기대,POSCO Holdings Inc.,64.0,24.8,A,C,A+,A,A+,A+,A-,24.05.01,,,,,,,35700000000000,8,857,120.0
에너지,A006400,한재,삼성SDI,전기차 배터리 및 에너지 저장장치 제조 | 고성능 배터리와 에너지 저장 시스템(ESS) 기술력 확보 | 전기차 및 ESS 수요 증가로 실적 개선 예상,"Samsung SDI Co., Ltd.",75.0,13.7,A,C+,A,A+,A+,B+,B,24.05.15,,,,,,,32400000000000,9,2460,103.0
화학,A051910,지헌,LG화학,"화학 제품 및 전지 제조 | 글로벌 화학 산업에서 선도적 위치, 친환경 및 바이오 소재 개발 강화 | 친환경 소재 개발로 미래 성장 동력 확보","LG Chem, Ltd.",65.0,22.2,A,C-,A,B+,A+,A,A-,24.05.01,24.05.05,24.05.09(보류),,,,,31000000000000,10,1940,89.0
미디어,A035420,해리,NAVER,"온라인 플랫폼 및 검색 포털 운영 | 국내 최대 인터넷 포털 및 플랫폼 기업, AI와 메타버스 사업 확장 | 콘텐츠, 핀테크 및 신사업 확대로 성장 지속 예상",NAVER Corporation,44.0,15.6,AA,B-,A+,A,A+,A+,A-,24.05.01,,,,,,,30400000000000,11,62600,10.0
건설,A028260,나연,삼성물산,"건설, 상사, 패션 등 종합상사 | 다양한 사업 포트폴리오로 안정적 수익 구조 확보 | 건설 및 바이오 분야에서의 성장 기대",Samsung C&T Corporation,73.0,30.4,A,C,A+,A+,A+,A+,A,24.05.01,,,,,,,29400000000000,12,7350,36.0
금융,A105560,나연,KB금융,금융 서비스 제공 | 국내 주요 금융 그룹 중 하나 | 디지털 금융 강화로 수익성 개선 예상,KB Financial Group Inc.,86.0,20.0,AAA,C-,A+,A+,A+,A+,A-,24.05.01,,,,,,,28000000000000,13,28100,16.0
미디어,A035720,지헌,카카오,"모바일 메신저, 온라인 광고 및 게임 | 국내 모바일 플랫폼 시장에서 높은 점유율 | 금융 및 콘텐츠 사업 확장으로 성장 가능성 큼",Kakao Corp,67.0,21.1,A,C,A,A+,A+,B+,A,24.05.01,,,,,,,23900000000000,14,109000,4.0
차량,A012330,한재,현대모비스,자동차 부품 제조 및 판매 | 글로벌 자동차 부품 시장에서 경쟁력 보유 | 전기차 부품 개발로 미래 성장 동력 확보,"Hyundai Mobis Co., Ltd.",75.0,11.4,B,C,A,A+,A+,B+,A-,24.05.03,,,,,,,23900000000000,15,667,145.0
금융,A055550,한재,신한지주,금융 서비스 제공 | 국내 주요 금융 그룹 중 하나 | 디지털 전환 및 글로벌 사업 확대로 성장 전망,"Shinhan Financial Group Co., Ltd.",77.0,23.2,AA,C-,A+,A+,A+,A+,A,24.05.15,,,,,,,23600000000000,16,3140,71.0
소재,A003670,지헌,포스코퓨처엠,2차전지 소재 및 화학 제품 제조 | 2차전지 소재 분야에서 경쟁력 강화 | 전기차 배터리 소재 수요 증가로 인한 성장 기대,POSCO FutureM Corporation,69.0,25.8,BBB,C-,A,A,A+,A,B,진행중(한재),,,,,,,23500000000000,17,1260,107.0
금융,A032830,한재,삼성생명,생명보험 서비스 제공 | 국내 생명보험 시장에서 선도적 위치 | 헬스케어 서비스 강화로 수익성 개선 예상,"Samsung Life Insurance Co., Ltd.",59.0,19.4,A,C-,A,A+,A+,B+,C,24.05.01,,,,,,,18500000000000,18,5780,43.0
금융,A086790,나연,하나금융지주,금융 서비스 제공 | 국내 주요 금융 그룹 중 하나 | 글로벌 사업 확대로 성장 가능성 확대,Hana Financial Group Inc.,82.0,21.7,AA,C-,A,A+,A+,A,A-,24.05.01,,,,,,,16900000000000,19,4800,54.0
전자,A066570,나연,LG전자,가전제품 및 전자기기 제조 | 글로벌 가전 시장에서 상위권 위치 | 프리미엄 가전 및 전장 사업 확대를 통한 성장 기대,,,,,,,,,,,24.05.01,,,,,,,15600000000000,21,7490,35.0
에너지,A015760,지헌,한국전력,전력 생산 및 공급 | 국내 전력 시장 독점 기업 | 에너지 전환 정책에 따른 수익성 개선 예상,,,,,,,,,,,,,,,,,,14100000000000,23,28400,15.0
금융,A323410,나연,카카오뱅크,인터넷 전문은행 서비스 제공 | 국내 인터넷 은행 중 높은 시장 점유율 | 금융 서비스 다각화로 성장 가능성 큼,,26.0,29.8,,,,,,,,24.05.01,24.05.05,24.05.08,24.05.05,24.05.05,24.05.05,,13100000000000,25,5570,45.0
정보기술,A018260,지헌,삼성에스디에스,IT 서비스 및 솔루션 제공 | 국내 IT 서비스 시장에서 선도적 위치 | 클라우드 및 AI 사업 확대로 성장 전망,,,,,,,,,,,24.05.01,,,,,,,12700000000000,27,300,145.0
생활소비재,A033780,지헌,KT&G,담배 및 인삼 제품 제조 | 국내 담배 시장에서 높은 점유율 | 해외 시장 확대를 통한 성장 가능성 모색,,,,,,,,,,,,,,,,,,12200000000000,28,57200,11.0
미디어,A259960,나연,크래프톤,게임 개발 및 서비스 제공 | 글로벌 게임 시장에서 인기 게임 보유 | 신작 출시 및 글로벌 시장 확대로 성장 기대,,16.0,17.5,,,,,,,,24.05.01,24.05.05,24.05.04,24.05.07,24.05.07,24.05.07,,11900000000000,29,363,141.0
정보기술,A017670,지헌,SK텔레콤, 이동통신 서비스 제공 | 국내 이동통신 시장에서 선도적 위치 | 5G 및 AI 서비스 확대로 성장 가능성 큼,,,,,,,,,,,24.05.01,,,,,,,11300000000000,30,6940,37.0
전자,A009150,한재,삼성전기,전자 부품 제조 | 글로벌 전자 부품 시장에서 경쟁력 보유 | 전장 부품 및 5G 부품 수요 증가로 실적 개선 예상,,,,,,,,,,,24.05.10,,,,,,,11100000000000,31,23500,20.0
에너지,A096770,한재,sk이노베이션,정유 및 석유화학 제품 제조 | 국내 정유 산업에서 상위권 위치 | 배터리 사업 확대로 미래 성장 동력 확보,,,,,,,,,,,24.05.01,24.05.05,진행중(보류),,,,,11100000000000,32,2670,78.0
에너지,A034020,한재,두산에너빌리티, 발전 설비 및 플랜트 건설 | 국내 발전 설비 시장에서 경쟁력 보유 | 친환경 에너지 사업 확대로 성장 전망,,,,,,,,,,,오류,,,,,,,11000000000000,33,1800,92.0
금융,A316140,해리,우리금융지주,금융 서비스 제공 | 국내 주요 금융 그룹 중 하나 | 디지털 금융 강화로 수익성 개선 예상,,,,,,,,,,,24.05.01,,,,,,,10800000000000,36,4180,61.0
운송,A011200,한재,HMM,해운 및 물류 서비스 제공 | 국내 해운 시장에서 선도적 위치 | 글로벌 물류 수요 증가로 인한 실적 개선 기대,,,,,,,,,,,24.05.10,,,,,,,10800000000000,35,6760,39.0
중공업,A329180,지헌,HD현대중공업,조선 및 해양 플랜트 건설 | 글로벌 조선 시장에서 상위권 위치 | 친환경 선박 수요 증가로 성장 가능성 큼,,,,,,,,,,,,,,,,,,10500000000000,38,3340,69.0
중공업,A012450,나연,한화에어로스페이스,항공우주 및 방산 제품 제조 | 국내 방산 산업에서 경쟁력 보유 | 우주 산업 진출로 미래 성장 동력 확보,,,,,,,,,,,24.05.01,,,,,,,10400000000000,39,300,145.0
정보기술,A030200,한재,KT,"통신 서비스 제공 | 국내 통신 시장에서 상위권 위치, 클라우드 및 AI 사업 확장 | 5G 및 디지털 전환 사업 확대로 성장 전망",,,,,,,,,,,24.05.13,,,,,,,9720000000000,40,57200,11.0
미디어,A352820,지헌,하이브,엔터테인먼트 및 음악 제작 | 글로벌 음악 시장에서 인기 아티스트 보유 | 콘텐츠 및 IP 사업 다각화로 성장 가능성 확대,,,,,,,,,,,24.05.01,,,,,,,9580000000000,41,3450,68.0
소재,A010130,지헌,고려아연,"비철금속 제련 및 가공 | 아연, 구리 등 비철금속 분야에서 글로벌 경쟁력 보유, 친환경 및 배터리 소재 확장 | 친환경 제련 기술 개발로 성장 기대",,,,,,,,,,,24.05.01,,,,,,,9450000000000,42,3090,72.0
에너지,A450080,지헌,에코프로머티리얼,2차전지 소재 및 친환경 기술 개발 | 친환경 소재 및 재활용 소재 분야에서 경쟁력 강화 | 전기차 배터리 및 순환경제 구축으로 성장 전망,,,,,,,,,,,,,,,,,,9020000000000,44,300,145.0
화학,A010950,나연,S-Oil,정유 및 석유화학 제품 제조 | 국내 정유 산업에서 경쟁력 보유 | 석유화학 사업 확대를 통한 성장 기대,,,,,,,,,,,24.05.01,24.05.05,24.05.01(보류),,,,,8840000000000,45,306000,1.0
중공업,A042660,나연,한화오션,해양 방산 제품 제조 | 국내 방산 산업에서 경쟁력 보유 | 해양 방산 사업 확대로 미래 성장 가능성 확보,,,,,,,,,,,,,,,,,,8460000000000,46,3220,70.0
중공업,A009540,지헌,HD한국조선해양,조선 및 해양 플랜트 건설 | 글로벌 조선 시장에서 상위권 위치 | 친환경 선박 수요 증가로 성장 가능성 큼,,,,,,,,,,,,,,,,,,8380000000000,47,1330,105.0
운송,A003490,지헌,대한항공,항공 운송 서비스 제공 | 국내 항공 시장에서 선도적 위치 | 항공 여행 수요 증가로 인한 성장 기대,,,,,,,,,,,24.05.01,,,,,,,7990000000000,48,14200,24.0
중공업,A010140,나연,삼성중공업,조선 및 해양 플랜트 건설 | 글로벌 조선 시장에서 상위권 위치 | 친환경 선박 수요 증가로 성장 가능성 큼,,,,,,,,,,,24.05.01,,,,,,,7530000000000,49,6150,40.0
헬스케어,A326030,지헌,SK바이오팜,신약 개발 및 제약 제품 제조 | 신경과학 분야에서 경쟁력 보유 | 글로벌 신약 시장 확대를 통한 성장 전망,,,,,,,,,,,24.05.01,,,,,,,7180000000000,51,2760,77.0
생활소비재,A090430,나연,아모레퍼시픽,화장품 및 미용 제품 제조 | 국내 화장품 시장에서 선도적 위치 | 해외 시장 확대를 통한 성장 가능성 큼,,68.0,29.5,,,,,,,,24.05.01,24.05.05,24.05.06,24.05.06,24.05.06,24.05.06,,7100000000000,52,1320,106.0
화학,A001570,지헌,금양,"발포제, 사카린, 이차전지 소재 및 원통형 배터리 제조 | 발포제 분야에서 오랜 경험과 기술력 보유, 이차전지 소재 및 원통형 배터리로 성장 동력 확보 | 이차전지 사업 성과에 따라 향후 실적 개선 기대",,,,,,,,,,,,,,,,,,6710000000000,54,300,145.0
차량,A161390,나연,한국타이어앤테크놀로지,타이어 제조 및 판매 | 글로벌 타이어 시장에서 상위권 위치 | 전기차 타이어 수요 증가로 성장 기대,,,,,,,,,,,24.05.01,,,,,,,6710000000000,53,436,137.0
운송,A086280,지헌,현대글로비스,물류 및 해운 서비스 제공 | 국내 물류 시장에서 선도적 위치 | 글로벌 물류 네트워크 확대를 통한 성장 전망,,,,,,,,,,,,,,,,,,6530000000000,56,396,140.0
전자,A267260,한재,HD현대일렉트릭,전력기기 및 에너지 솔루션 제공 | 전력기기 시장에서 경쟁력 보유 | 친환경 전력기기 수요 증가로 성장 기대,,,,,,,,,,,,,,,,,,6470000000000,57,511,133.0
헬스케어,A000100,지헌,유한양행,의약품 개발 및 생산 | 국내 의약품 시장에서 선도적 위치 | 신약 개발 및 해외 진출을 통한 성장 가능성 큼,,,,,,,,,,,,,,,,,,6150000000000,58,300,145.0
생활소비재,A051900,지헌,LG생활건강,"화장품, 생활용품, 음료 | 국내 화장품 시장 선두주자, 다양한 브랜드 포트폴리오 보유 | 중국 시장 회복에 따른 실적 개선 기대",,,,,,,,,,,24.05.01,,,,,,,5930000000000,59,9520,32.0
전자,A034220,해리,LG디스플레이,"디스플레이 패널 제조 | OLED 기술 선도, 글로벌 TV 패널 시장 주요 공급자 | OLED 수요 증가로 인한 실적 개선 전망",,,,,,,,,,,24.05.03,,,,,,,5380000000000,61,11000,30.0
미디어,A251270,해리,넷마블,"모바일 및 온라인 게임 개발 | 국내 게임 시장 상위권, 글로벌 시장 진출 확대 | 신작 게임 출시로 인한 매출 성장 기대",,,,,,,,,,,24.05.05,,,,,,,5340000000000,63,1700,94.0
전자,A361610,나연,SK아이이테크놀로지,"배터리 분리막 제조 | 고성능 배터리 분리막 기술 보유, 글로벌 전기차 배터리 시장 주요 공급자 | 전기차 시장 성장에 따른 수요 증가 예상",,,,,,,,,,,24.05.10,,,,,,,5220000000000,64,300,145.0
화학,A011170,한재,롯데케미칼,"석유화학 제품 제조 | 다양한 제품 포트폴리오, 아시아 시장에서의 강력한 입지 | 원자재 가격 변동에 따른 실적 변동 가능성",,,,,,,,,,,,,,,,,,5100000000000,65,1340,104.0
금융,A377300,해리,카카오페이,"모바일 결제 및 금융 서비스 | 국내 모바일 결제 시장 선두주자, 다양한 금융 서비스 제공 | 핀테크 시장 성장에 따른 사용자 증가 기대",,,,,,,,,,,24.05.01,,,,,,,5060000000000,66,2260,
중공업,A047810,한재,한국항공우주,"항공기 및 방위산업 제품 제조 | 국내 유일의 항공기 제조사, 방위산업 분야에서의 경쟁력 보유 | 수출 확대 및 방위산업 수요 증가로 인한 성장 전망",,,,,,,,,,,,,,,,,,5020000000000,67,5320,50.0
에너지,A009830,한재,한화솔루션,"태양광, 석유화학, 첨단소재 | 태양광 분야에서의 글로벌 경쟁력, 석유화학 제품 다양성 | 친환경 에너지 수요 증가로 인한 성장 기대",,,,,,,,,,,,,,,,,,4870000000000,69,3830,65.0
헬스케어,A302440,해리,SK바이오사이언스,"백신 및 바이오의약품 개발 | 국내 백신 개발 선두주자, 글로벌 시장 진출 모색 | 신규 백신 개발 및 수출 확대에 따른 성장 가능성",,,,,,,,,,,24.05.05,,,,,,,4710000000000,71,2960,76.0
지주사,A078930,해리,GS,"에너지, 유통, 건설 | 다양한 사업 포트폴리오, 에너지 분야에서의 강력한 입지 | 에너지 가격 변동에 따른 실적 변동 가능성",,,,,,,,,,,24.05.07,,,,,,,4480000000000,73,97400,6.0
생활소비재,A097950,지헌,CJ제일제당,"식품, 바이오, 사료 | 국내 식품 시장 선두주자, 바이오 분야에서의 경쟁력 보유 | 해외 시장 확대 및 신제품 출시로 인한 성장 기대",,,,,,,,,,,24.05.01,,,,,,,4430000000000,74,1440,100.0
미디어,A036570,나연,엔씨소프트,"온라인 및 모바일 게임 개발 | 국내 게임 시장 선두주자, 글로벌 시장에서의 인지도 보유 | 신작 게임 출시 및 해외 시장 확대에 따른 성장 전망",,,,,,,,,,,24.05.01,,,,,,,4360000000000,76,4410,58.0
정보기술,A032640,나연,LG유플러스,"통신 서비스 제공 | 국내 통신 3사 중 하나, 5G 서비스 확대 | 5G 가입자 증가로 인한 매출 성장 기대",,,,,,,,,,,24.05.03,,,,,,,4350000000000,77,4110,62.0
헬스케어,A128940,해리,한미약품,"의약품 개발 및 제조 | 국내 제약사 중 연구개발 투자 상위권, 글로벌 파트너십 다수 보유 | 신약 개발 성과에 따른 성장 가능성",,,,,,,,,,,24.05.08,,,,,,,4270000000000,78,7530,34.0
소재,A004020,한재,현대제철,"철강 제품 제조 | 국내 철강 시장 주요 기업, 다양한 제품 라인업 보유 | 건설 및 자동차 산업 회복에 따른 수요 증가 예상",,,,,,,,,,,,,,,,,,4240000000000,79,3060,73.0
생활소비재,A021240,나연,코웨이,"정수기, 공기청정기 등 생활가전 제조 및 렌탈 | 국내 렌탈 시장 선두주자, 해외 시장 진출 확대 | 신제품 출시 및 해외 시장 성장에 따른 매출 증가 기대",,,,,,,,,,,24.05.11,,,,,,,4130000000000,81,300,145.0
화학,A011780,나연,금호석유,"합성고무, 합성수지 등 석유화학 제품 제조 | 합성고무 분야에서의 글로벌 경쟁력 보유 | 원자재 가격 변동에 따른 실적 변동 가능성",,66.0,19.1,,,,,,,,24.05.01,24.05.05,24.05.05,24.05.06,24.05.06,24.05.06,,3880000000000,86,1060,113.0
지주사,A001040,한재,CJ,"식품, 물류, 엔터테인먼트 등 | 다양한 사업 포트폴리오, 각 분야에서의 경쟁력 보유 | 주요 계열사 실적 개선에 따른 성장 기대",,,,,,,,,,,,,,,,,,3790000000000,87,71800,8.0
건설,A000720,한재,현대건설,"건설 및 엔지니어링 | 국내 건설사 중 상위권, 해외 프로젝트 다수 수행 | 해외 수주 확대 및 국내 부동산 시장 회복에 따른 성장 전망",,,,,,,,,,,,,,,,,,3670000000000,89,39900,13.0
건설,A003410,한재,쌍용C&E,"시멘트 및 건설 자재 제조 | 국내 시멘트 시장 주요 기업, 친환경 제품 개발 | 건설 경기 회복에 따른 수요 증가 예상",,,,,,,,,,,,,,,,,,3490000000000,93,8120,33.0
차량,A018880,한재,한온시스템,"자동차 열관리 시스템 제조 | 글로벌 자동차 부품 시장에서의 경쟁력 보유, 주요 완성차 업체와의 협력 | 전기차 시장 성장에 따른 수요 증가 기대",,59.0,12.0,,,,,,,,24.05.02,24.05.05,24.05.05,24.05.06,24.05.06,24.05.06,,3130000000000,97,300,145.0
지주사,A004990,나연,롯데지주,"식품, 유통, 화학 등 계열사 지주회사 | 다양한 사업 포트폴리오, 계열사 간 시너지 효과 | 주요 계열사 실적 개선에 따른 성장 가능성",,,,,,,,,,,24.05.03,,,,,,,2850000000000,99,2300,83.0
운송,A000120,한재,CJ대한통운,"물류 및 택배 서비스 | 국내 물류 시장 선두주자, 글로벌 네트워크 보유 | 전자상거래 시장 성장에 따른 물류 수요 증가 예상",,,,,,,,,,,,,,,,,,2620000000000,103,300,145.0
화학,A036460,해리,한국가스공사,천연가스 수입 및 공급 | 국내 천연가스 시장 독점적 지위 보유 | 에너지 수요 증가에 따른 매출 성장 기대,,,,,,,,,,,24.05.15,,,,,,,2480000000000,108,5300,51.0
건설,A002380,한재,KCC,"건축 자재 및 산업용 소재 제조 | 국내 건축 자재 시장 주요 기업, 다양한 제품 라인업 | 건설 경기 회복에 따른 수요 증가 예상",,,,,,,,,,,,,,,,,,2310000000000,114,6020,42.0
생활소비재,A004370,해리,농심,"식품 제조 | 국내 라면 시장 선두주자, 글로벌 시장 진출 확대 | 해외 매출 성장 및 신제품 출시로 인한 매출 증가 기대",,,,,,,,,,,24.05.16,,,,,,,2240000000000,117,4500,57.0
운송,A028670,나연,팬오션,"해운 및 물류 서비스 | 국내 해운 시장 주요 기업, 글로벌 네트워크 보유 | 해운 운임 상승에 따른 실적 개선 전망",,,,,,,,,,,24.05.12,,,,,,,2210000000000,118,466,135.0
유통,A007070,나연,GS리테일,"편의점 및 유통 서비스 | 국내 편의점 시장 상위권, 다양한 유통 채널 보유 | 온라인 유통 강화 및 점포 확대에 따른 성장 기대",,,,,,,,,,,24.05.05,,,,,,,2130000000000,122,1650,95.0
유통,A023530,나연,롯데쇼핑,"백화점, 마트 등 유통 서비스 | 국내 유통 시장 주요 기업, 다양한 유통 채널 보유 | 오프라인 매장 회복 및 온라인 강화로 인한 실적 개선 예상",,,,,,,,,,,24.05.07,,,,,,,2040000000000,123,6050,41.0
유통,A282330,나연,BGF리테일,"편의점 운영 | 국내 편의점 시장 상위권, 브랜드 인지도 높음 | 점포 확대 및 상품 다양화로 인한 매출 성장 기대",,,,,,,,,,,24.05.08,,,,,,,2030000000000,124,411,138.0
유통,A139480,나연,이마트,"대형마트 및 온라인 유통 | 국내 대형마트 시장 선두주자, 온라인 사업 강화 | 온라인 매출 성장 및 오프라인 회복에 따른 실적 개선 전망",,,,,,,,,,,24.05.18,,,,,,,1890000000000,128,6150,40.0
유통,A111770,해리,영원무역,"의류 제조 및 수출 | 글로벌 아웃도어 브랜드와의 협력, OEM 생산 강점 | 해외 수요 증가에 따른 매출 성장 기대",,,,,,,,,,,24.05.17,,,,,,,1790000000000,130,526,131.0
차량,A073240,해리,금호타이어,"타이어 제조 | 국내 타이어 시장 주요 기업, 글로벌 시장 진출 | 자동차 산업 회복에 따른 수요 증가 예상",,,,,,,,,,,24.05.17,,,,,,,1690000000000,133,1580,97.0
건설,A042670,해리,HD현대인프라코어,"건설 장비 및 엔진 제조 | 국내 건설 장비 시장 주요 기업, 다양한 제품 라인업 | 인프라 투자 증가에 따른 수요 성장 예상",,,,,,,,,,,,,,,,,,1680000000000,134,300,145.0
유통,A004170,해리,신세계,"백화점 및 유통 서비스 | 국내 백화점 시장 선두주자, 다양한 브랜드 보유 | 소비 회복에 따른 매출 증가 기대",,,,,,,,,,,,,,,,,,1650000000000,135,4030,63.0
소재,A002710,해리,TCC스틸,"전기강판 및 금속 소재 제조 | 전기강판 분야에서의 기술력 보유, 국내 시장에서의 입지 | 전기차 및 전자제품 수요 증가에 따른 성장 전망",,,,,,,,,,,,,,,,,,1560000000000,141,202,153.0
소재,A298050,한재,효성첨단소재,산업용 섬유 및 첨단소재 제조 | 탄소섬유 등 첨단소재 분야에서의 경쟁력 보유 | 친환경 소재 수요 증가에 따른 성장 기대,,,,,,,,,,,,,,,,,,1530000000000,144,404,139.0
건설,A375500,한재,DL이앤씨,"건설 및 엔지니어링 | 국내 건설사 중 상위권, 다양한 프로젝트 수행 | 해외 수주 확대 및 국내 부동산 시장 회복에 따른 성장 전망",,,,,,,,,,,,,,,,,,1400000000000,157,844,121.0
지주사,A004800,나연,효성,"섬유, 화학, 중공업 등 | 다양한 사업 포트폴리오, 각 분야에서의 경쟁력 보유 | 주요 계열사 실적 개선에 따른 성장 기대",,,,,,,,,,,24.05.01,,,,,,,1340000000000,161,13000,26.0
정보기술,A001740,나연,SK네트웍스,"무역, 렌탈, 정보통신 등 | 다양한 사업 분야에서의 경험과 네트워크 보유 | 렌탈 사업 성장 및 신규 사업 확장에 따른 매출 증가 기대",,,,,,,,,,,24.05.09,,,,,,,1310000000000,162,1210,108.0
유통,A069960,나연,현대백화점,"백화점 및 유통 서비스 | 국내 백화점 시장 주요 기업, 프리미엄 브랜드 강화 | 소비 회복에 따른 매출 증가 예상",,36.0,21.1,,,,,,,,24.05.01,24.05.05,24.05.08,24.05.08,24.05.08,24.05.08,,1210000000000,169,1390,102.0
정보기술,A023590,해리,다우기술,IT 서비스 및 소프트웨어 개발 | 국내 IT 서비스 시장에서의 경쟁력 보유 | 클라우드 및 보안 서비스 수요 증가에 따른 성장 기대,,,,,,,,,,,,,,,,,,918000000000,182,339,144.0
운송,A020560,해리,아시아나항공,"항공 운송 서비스 | 국내 항공사 중 상위권, 다양한 국제 노선 보유 | 항공 수요 회복에 따른 실적 개선 전망",,,,,,,,,,,,,,,,,,822000000000,191,1140,111.0
생활소비재,A003380,나연,하림지주(코스닥),"식품 및 축산업 | 국내 축산업 선두주자, 다양한 식품 브랜드 보유 | 가공식품 수요 증가에 따른 매출 성장 기대",,,,,,,,,,,24.05.01,,,,,,,744000000000,222,300,145.0
운송,A005880,해리,대한해운,"해운 및 물류 서비스 | 국내 해운 시장 주요 기업, 글로벌 네트워크 보유 | 해운 운임 상승에 따른 실적 개선 전망",,,,,,,,,,,,,,,,,,599000000000,204,670,127.0
소재,A460860,나연,동국제강,"철강 제품 제조 | 국내 철강 시장 주요 기업, 다양한 제품 라인업 보유 | 건설 및 제조업 회복에 따른 수요 증가 예상",,,,,,,,,,,24.05.01,,,,,,,561000000000,205,300,145.0
지주사,A004690,나연,삼천리,"도시가스 공급 및 에너지 사업 | 국내 도시가스 시장 선두주자, 안정적인 공급망 보유 | 에너지 수요 증가에 따른 매출 성장 기대",,,,,,,,,,,24.05.01,,,,,,,380000000000,208,300,145.0
지주사,A006840,해리,AK홀딩스,"유통, 화학 등 계열사 지주회사 | 다양한 사업 포트폴리오, 계열사 간 시너지 효과 | 주요 계열사 실적 개선에 따른 성장 가능성",,,,,,,,,,,,,,,,,,200000000000,210,300,145.0
